{"r_cos_norm": 1.0002337699050792, "z_sin_norm": 0.00023377036074301167, "nfp": 3, "stellarator_symmetric": true, "placeholder_metric": 1.000467540265822, "elapsed_ms": 0.008917006198316813, "feasible": true, "fail_reason": "", "source": "placeholder"}