{"r_cos_norm": 1.000002657871156, "z_sin_norm": 2.6578711559949745e-06, "nfp": 3, "stellarator_symmetric": true, "placeholder_metric": 1.000005315742312, "elapsed_ms": 0.009749957825988531, "feasible": true, "fail_reason": "", "source": "placeholder"}
