{"r_cos_norm": 1.0002337699050792, "z_sin_norm": 0.00023376990507911446, "nfp": 3, "stellarator_symmetric": true, "placeholder_metric": 1.0004675398101583, "elapsed_ms": 0.013000040780752897, "feasible": true, "fail_reason": "", "source": "placeholder"}