{"r_cos_norm": 1.000233770360743, "z_sin_norm": 0.00023376990507911446, "nfp": 3, "stellarator_symmetric": true, "placeholder_metric": 1.000467540265822, "elapsed_ms": 0.009832961950451136, "feasible": true, "fail_reason": "", "source": "placeholder"}
