{"r_cos_norm": 1.000002657871156, "z_sin_norm": 2.65791974287983e-06, "nfp": 3, "stellarator_symmetric": true, "placeholder_metric": 1.000005315790899, "elapsed_ms": 0.02462498378008604, "feasible": true, "fail_reason": "", "source": "placeholder"}
