{"r_cos_norm": 1.0025000014901164, "z_sin_norm": 0.0025000000000000005, "nfp": 3, "stellarator_symmetric": true, "placeholder_metric": 1.0050000014901164, "elapsed_ms": 0.02112501533702016, "feasible": true, "fail_reason": "", "source": "placeholder"}
