{"r_cos_norm": 1.0000018886408504, "z_sin_norm": 1.8886408504680157e-06, "nfp": 3, "stellarator_symmetric": true, "placeholder_metric": 1.0000037772817008, "elapsed_ms": 0.012833974324166775, "feasible": true, "fail_reason": "", "source": "placeholder"}
