{"r_cos_norm": 1.0000018886408504, "z_sin_norm": 1.8886818073750575e-06, "nfp": 3, "stellarator_symmetric": true, "placeholder_metric": 1.0000037773226578, "elapsed_ms": 0.009041978046298027, "feasible": true, "fail_reason": "", "source": "placeholder"}