{"r_cos_norm": 1.0025, "z_sin_norm": 0.0025000014901163416, "nfp": 3, "stellarator_symmetric": true, "placeholder_metric": 1.0050000014901164, "elapsed_ms": 0.018708000425249338, "feasible": true, "fail_reason": "", "source": "placeholder"}
