{"r_cos_norm": 1.0000018886818074, "z_sin_norm": 1.8886408504680157e-06, "nfp": 3, "stellarator_symmetric": true, "placeholder_metric": 1.0000037773226578, "elapsed_ms": 0.010624993592500687, "feasible": true, "fail_reason": "", "source": "placeholder"}
