iteration,index,r_cos_norm,z_sin_norm,nfp,stellarator_symmetric,placeholder_metric,score
0,0,1.0010143004777885,0.00018196217730877124,3.0,1.0,1.0011962626550972,6.002392525310194
0,0,1.0009664567601575,0.00025720997906246375,3.0,1.0,1.00122366673922,6.00244733347844
