iteration,index,objective,score,feasibility
0,0,1.1261108574107224,0.0,10.028417572096517
0,0,1.1261108574107268,0.0,9.609932117742346
0,0,1.12611085741089,0.0,40.04596167133459
