iteration,index,r_cos_norm,z_sin_norm,nfp,stellarator_symmetric,placeholder_metric,score
0,0,1.0031166496839232,0.0005591167260729735,3.0,1.0,1.0036757664099962,6.0073515328199925
